{
  "clusters": {
    "0": {
      "n_all": 1380,
      "n_train": 538,
      "algorithm": "hdbscan",
      "pwr_mean": 933.1760864257812,
      "joules_per_job": 6597851.5,
      "pdu_efficiency": 11.358177185058594,
      "gpu_util_mean": 21.925336837768555
    },
    "1": {
      "n_all": 213,
      "n_train": 36,
      "algorithm": "hdbscan",
      "pwr_mean": 1606.1512451171875,
      "joules_per_job": 62091736.0,
      "pdu_efficiency": 7.214325904846191,
      "gpu_util_mean": 66.53187561035156
    }
  },
  "quality": {
    "kmeans_silhouette": 0.3308008015155792,
    "kmeans_db": 1.1074491914032802,
    "chosen_algorithm": "hdbscan",
    "n_clusters": 2,
    "n_train_segments": 580,
    "hdbscan_silhouette": 0.5442126393318176,
    "hdbscan_db": 0.6012538524269643
  }
}