{
  "n_clusters": 2,
  "silhouette": 0.5442126393318176,
  "davies_bouldin": 0.6012538524269643,
  "noise_fraction": 0.010344827586206896,
  "chosen": true
}