{
  "pwr_mean": 901.6345825195312,
  "pwr_max": 994.5,
  "pwr_std": 35.681007385253906,
  "cpu_pwr_mean": 210.41184997558594,
  "cpu_load_mean": 200.21336364746094,
  "mem_pwr_mean": 20.155967712402344,
  "inlet_temp_mean": 20.0,
  "inlet_temp_max": 20.871212005615234,
  "exhaust_temp_mean": 34.354713439941406,
  "fan_rpm_mean": 8665.615234375,
  "pdu_mean_w": 10251.943359375,
  "max_temp_per_watt": 0.023582521826028824,
  "power_ramp_rate": 36.01870346069336,
  "joules_per_job": 1718425.375,
  "watts_per_cpu_pct": 537.1224365234375,
  "pdu_idrac_efficiency": 10.860047340393066,
  "gpu_util_mean": 18.13068199157715,
  "gpu_util_max": 24.954545974731445,
  "gpu_mem_mean": 1.8067034482955933,
  "gpu_pwr_mean": 99299.4609375,
  "gpu_pwr_max": 114955.9375,
  "gpu_temp_mean": 37.026771545410156,
  "gpu_joules": 188219936.0
}